<application>
  <component name="FileTypeManager" version="17">
    <ignoreFiles list="*$py.class;*.hprof;*.pyc;*.pyo;*.rbc;*.yarb;*~;.DS_Store;.git;.hg;.svn;CVS;__pycache__;_svn;vssver.scc;vssver2.scc;" />
    <extensionMap>
      <mapping pattern="my_data6" type="PLAIN_TEXT" />
      <mapping pattern="my_data4" type="PLAIN_TEXT" />
      <mapping pattern="my_data3" type="PLAIN_TEXT" />
      <mapping pattern="my_data2" type="PLAIN_TEXT" />
      <mapping pattern="dictionary" type="PLAIN_TEXT" />
      <mapping pattern="tpy" type="PLAIN_TEXT" />
      <mapping pattern="work3" type="PLAIN_TEXT" />
      <mapping pattern="logs" type="PLAIN_TEXT" />
      <mapping ext="base" type="PLAIN_TEXT" />
      <mapping ext="model" type="PLAIN_TEXT" />
      <mapping ext="pkl" type="PLAIN_TEXT" />
      <mapping ext="josn" type="PLAIN_TEXT" />
      <mapping pattern="test" type="Python" />
      <mapping pattern="deeplearntest" type="Python" />
      <mapping pattern="firsttensorflow" type="Python" />
      <mapping ext="ms-uyunjlqpspwq" type="XHTML" />
    </extensionMap>
  </component>
</application>