<toolSet name="External Tools">
  <tool name="QtDesigner" showInMainMenu="false" showInEditor="false" showInProject="false" showInSearchPopup="false" disabled="false" useConsole="true" showConsoleOnStdOut="false" showConsoleOnStdErr="false" synchronizeAfterRun="true">
    <exec>
      <option name="COMMAND" value="C:\Program Files (x86)\Qt Designer\designer.exe" />
      <option name="PARAMETERS" />
      <option name="WORKING_DIRECTORY" value="$FileDir$" />
    </exec>
  </tool>
  <tool name="PuUIC" showInMainMenu="false" showInEditor="false" showInProject="false" showInSearchPopup="false" disabled="false" useConsole="true" showConsoleOnStdOut="false" showConsoleOnStdErr="false" synchronizeAfterRun="true">
    <exec>
      <option name="COMMAND" value="D:\pythonevn\Scripts\python.exe" />
      <option name="PARAMETERS" value="-m PyQt5.uic.pyuic  $FileName$ -o $FileNameWithoutExtension$.py" />
      <option name="WORKING_DIRECTORY" value="$FileDir$" />
    </exec>
  </tool>
</toolSet>