<profile version="1.0">
  <option name="myName" value="Default" />
  <inspection_tool class="PyPackageRequirementsInspection" enabled="true" level="WARNING" enabled_by_default="true">
    <option name="ignoredPackages">
      <value>
        <list size="4">
          <item index="0" class="java.lang.String" itemvalue="torch" />
          <item index="1" class="java.lang.String" itemvalue="scipy" />
          <item index="2" class="java.lang.String" itemvalue="nibabel" />
          <item index="3" class="java.lang.String" itemvalue="typeguard" />
        </list>
      </value>
    </option>
  </inspection_tool>
  <inspection_tool class="PyUnresolvedReferencesInspection" enabled="true" level="WARNING" enabled_by_default="true">
    <option name="ignoredIdentifiers">
      <list>
        <option value="mnist.load_mnist" />
        <option value="common.functions" />
        <option value="functions.sigmoid" />
        <option value="functions.softmax" />
        <option value="tensorflow.compat" />
        <option value="pachong.Clanguage.Tc2.fs" />
      </list>
    </option>
  </inspection_tool>
</profile>